{"ContentRoots":["C:\\WebApp-dotnet\\RockShow\\wwwroot\\","C:\\WebApp-dotnet\\RockShow\\obj\\Debug\\net6.0\\scopedcss\\bundle\\"],"Root":{"Children":{"assets":{"Children":{"bgimg-A_lvAW1p.png":{"Children":null,"Asset":{"ContentRootIndex":0,"SubPath":"assets/bgimg-A_lvAW1p.png"},"Patterns":null},"bgimg4-z6U7Loqm.png":{"Children":null,"Asset":{"ContentRootIndex":0,"SubPath":"assets/bgimg4-z6U7Loqm.png"},"Patterns":null},"index-5cHWo9Xw.css":{"Children":null,"Asset":{"ContentRootIndex":0,"SubPath":"assets/index-5cHWo9Xw.css"},"Patterns":null},"index-bu16WorB.css":{"Children":null,"Asset":{"ContentRootIndex":0,"SubPath":"assets/index-bu16WorB.css"},"Patterns":null},"index-CIVic_PX.js":{"Children":null,"Asset":{"ContentRootIndex":0,"SubPath":"assets/index-CIVic_PX.js"},"Patterns":null},"index-cnyVosD_.js":{"Children":null,"Asset":{"ContentRootIndex":0,"SubPath":"assets/index-cnyVosD_.js"},"Patterns":null},"index-cw6F1sXW.css":{"Children":null,"Asset":{"ContentRootIndex":0,"SubPath":"assets/index-cw6F1sXW.css"},"Patterns":null},"index-hHLbA9UG.css":{"Children":null,"Asset":{"ContentRootIndex":0,"SubPath":"assets/index-hHLbA9UG.css"},"Patterns":null},"index-jPp8-DUc.js":{"Children":null,"Asset":{"ContentRootIndex":0,"SubPath":"assets/index-jPp8-DUc.js"},"Patterns":null},"index-kuTAT8tB.js":{"Children":null,"Asset":{"ContentRootIndex":0,"SubPath":"assets/index-kuTAT8tB.js"},"Patterns":null},"index-mdr1awDC.js":{"Children":null,"Asset":{"ContentRootIndex":0,"SubPath":"assets/index-mdr1awDC.js"},"Patterns":null},"index-n0BPKFa1.js":{"Children":null,"Asset":{"ContentRootIndex":0,"SubPath":"assets/index-n0BPKFa1.js"},"Patterns":null},"index-pa1JPpDP.js":{"Children":null,"Asset":{"ContentRootIndex":0,"SubPath":"assets/index-pa1JPpDP.js"},"Patterns":null},"index-TBoDBNM1.js":{"Children":null,"Asset":{"ContentRootIndex":0,"SubPath":"assets/index-TBoDBNM1.js"},"Patterns":null},"index-UzEYG9Yd.js":{"Children":null,"Asset":{"ContentRootIndex":0,"SubPath":"assets/index-UzEYG9Yd.js"},"Patterns":null},"NavBar-E0XAJwE-.js":{"Children":null,"Asset":{"ContentRootIndex":0,"SubPath":"assets/NavBar-E0XAJwE-.js"},"Patterns":null},"NavBar-G2BJWHNi.js":{"Children":null,"Asset":{"ContentRootIndex":0,"SubPath":"assets/NavBar-G2BJWHNi.js"},"Patterns":null},"NavBar-jvPW9O-D.js":{"Children":null,"Asset":{"ContentRootIndex":0,"SubPath":"assets/NavBar-jvPW9O-D.js"},"Patterns":null},"NavBar-KXF-sOio.js":{"Children":null,"Asset":{"ContentRootIndex":0,"SubPath":"assets/NavBar-KXF-sOio.js"},"Patterns":null},"NavBar-lSVklOcS.css":{"Children":null,"Asset":{"ContentRootIndex":0,"SubPath":"assets/NavBar-lSVklOcS.css"},"Patterns":null},"NavBar-QmujT6ow.js":{"Children":null,"Asset":{"ContentRootIndex":0,"SubPath":"assets/NavBar-QmujT6ow.js"},"Patterns":null},"NavBar-TGMkahbm.js":{"Children":null,"Asset":{"ContentRootIndex":0,"SubPath":"assets/NavBar-TGMkahbm.js"},"Patterns":null},"NavBar-w5G5zc3q.js":{"Children":null,"Asset":{"ContentRootIndex":0,"SubPath":"assets/NavBar-w5G5zc3q.js"},"Patterns":null},"NavBar-XblaLoky.css":{"Children":null,"Asset":{"ContentRootIndex":0,"SubPath":"assets/NavBar-XblaLoky.css"},"Patterns":null},"NavBar-yHG0PrgJ.js":{"Children":null,"Asset":{"ContentRootIndex":0,"SubPath":"assets/NavBar-yHG0PrgJ.js"},"Patterns":null},"NavBar-zb1QlP2J.js":{"Children":null,"Asset":{"ContentRootIndex":0,"SubPath":"assets/NavBar-zb1QlP2J.js"},"Patterns":null},"RockShop-7IBvQbaN.js":{"Children":null,"Asset":{"ContentRootIndex":0,"SubPath":"assets/RockShop-7IBvQbaN.js"},"Patterns":null},"RockShop-B6Q3aCGM.css":{"Children":null,"Asset":{"ContentRootIndex":0,"SubPath":"assets/RockShop-B6Q3aCGM.css"},"Patterns":null},"RockShop-ggA2frsi.css":{"Children":null,"Asset":{"ContentRootIndex":0,"SubPath":"assets/RockShop-ggA2frsi.css"},"Patterns":null},"RockShop-gqlUVd-r.js":{"Children":null,"Asset":{"ContentRootIndex":0,"SubPath":"assets/RockShop-gqlUVd-r.js"},"Patterns":null},"RockShop-jUD4jqPT.js":{"Children":null,"Asset":{"ContentRootIndex":0,"SubPath":"assets/RockShop-jUD4jqPT.js"},"Patterns":null},"RockShop-jxk_o2fd.js":{"Children":null,"Asset":{"ContentRootIndex":0,"SubPath":"assets/RockShop-jxk_o2fd.js"},"Patterns":null},"RockShop-kobjo-86.css":{"Children":null,"Asset":{"ContentRootIndex":0,"SubPath":"assets/RockShop-kobjo-86.css"},"Patterns":null},"RockShop-myBfMB1r.js":{"Children":null,"Asset":{"ContentRootIndex":0,"SubPath":"assets/RockShop-myBfMB1r.js"},"Patterns":null},"RockShop-nxrFmM32.js":{"Children":null,"Asset":{"ContentRootIndex":0,"SubPath":"assets/RockShop-nxrFmM32.js"},"Patterns":null},"RockShop-OdE0hKku.css":{"Children":null,"Asset":{"ContentRootIndex":0,"SubPath":"assets/RockShop-OdE0hKku.css"},"Patterns":null},"RockShop-oDrTWHuM.js":{"Children":null,"Asset":{"ContentRootIndex":0,"SubPath":"assets/RockShop-oDrTWHuM.js"},"Patterns":null},"RockShop-Rb4Qg61a.js":{"Children":null,"Asset":{"ContentRootIndex":0,"SubPath":"assets/RockShop-Rb4Qg61a.js"},"Patterns":null},"RockShop-Rny4Mpgi.css":{"Children":null,"Asset":{"ContentRootIndex":0,"SubPath":"assets/RockShop-Rny4Mpgi.css"},"Patterns":null},"RockShop-sRBBnXYj.js":{"Children":null,"Asset":{"ContentRootIndex":0,"SubPath":"assets/RockShop-sRBBnXYj.js"},"Patterns":null},"RockShowHome-0P6o7KeL.js":{"Children":null,"Asset":{"ContentRootIndex":0,"SubPath":"assets/RockShowHome-0P6o7KeL.js"},"Patterns":null},"RockShowHome-4y1eUgYs.js":{"Children":null,"Asset":{"ContentRootIndex":0,"SubPath":"assets/RockShowHome-4y1eUgYs.js"},"Patterns":null},"RockShowHome-A_yRBf8C.css":{"Children":null,"Asset":{"ContentRootIndex":0,"SubPath":"assets/RockShowHome-A_yRBf8C.css"},"Patterns":null},"RockShowHome-bdWybWYn.js":{"Children":null,"Asset":{"ContentRootIndex":0,"SubPath":"assets/RockShowHome-bdWybWYn.js"},"Patterns":null},"RockShowHome-EBUjJ20n.css":{"Children":null,"Asset":{"ContentRootIndex":0,"SubPath":"assets/RockShowHome-EBUjJ20n.css"},"Patterns":null},"RockShowHome-FMcEVOQx.js":{"Children":null,"Asset":{"ContentRootIndex":0,"SubPath":"assets/RockShowHome-FMcEVOQx.js"},"Patterns":null},"RockShowHome-ixE3pkaQ.js":{"Children":null,"Asset":{"ContentRootIndex":0,"SubPath":"assets/RockShowHome-ixE3pkaQ.js"},"Patterns":null},"RockShowHome-jJwKXw5p.js":{"Children":null,"Asset":{"ContentRootIndex":0,"SubPath":"assets/RockShowHome-jJwKXw5p.js"},"Patterns":null},"RockShowHome-KouTmzi4.js":{"Children":null,"Asset":{"ContentRootIndex":0,"SubPath":"assets/RockShowHome-KouTmzi4.js"},"Patterns":null},"RockShowHome-SNzTHrs_.js":{"Children":null,"Asset":{"ContentRootIndex":0,"SubPath":"assets/RockShowHome-SNzTHrs_.js"},"Patterns":null},"RockShowHome-Z5BAWNbr.js":{"Children":null,"Asset":{"ContentRootIndex":0,"SubPath":"assets/RockShowHome-Z5BAWNbr.js"},"Patterns":null}},"Asset":null,"Patterns":null},"EmailTemplates":{"Children":{"confirmation.html":{"Children":null,"Asset":{"ContentRootIndex":0,"SubPath":"EmailTemplates/confirmation.html"},"Patterns":null},"enrollment.html":{"Children":null,"Asset":{"ContentRootIndex":0,"SubPath":"EmailTemplates/enrollment.html"},"Patterns":null},"reset-password.html":{"Children":null,"Asset":{"ContentRootIndex":0,"SubPath":"EmailTemplates/reset-password.html"},"Patterns":null},"thankYou.html":{"Children":null,"Asset":{"ContentRootIndex":0,"SubPath":"EmailTemplates/thankYou.html"},"Patterns":null}},"Asset":null,"Patterns":null},"index.html":{"Children":null,"Asset":{"ContentRootIndex":0,"SubPath":"index.html"},"Patterns":null},"vite.svg":{"Children":null,"Asset":{"ContentRootIndex":0,"SubPath":"vite.svg"},"Patterns":null},"RockShow.styles.css":{"Children":null,"Asset":{"ContentRootIndex":1,"SubPath":"RockShow.styles.css"},"Patterns":null}},"Asset":null,"Patterns":[{"ContentRootIndex":0,"Pattern":"**","Depth":0}]}}